log;cnt
1;7
1.52288;11
2.04576;15
2.56864;17
3.09151;21
3.61439;25
4.13727;29
4.66015;31
5.18303;35
5.70591;39
6.22879;43
6.75167;45
7.27454;49
7.79742;53
8.3203;57
8.84318;59
9.36606;63
9.88894;67
10.4118;71
10.9347;73
