log;cnt
1;6
1.69897;12
2.39794;16
3.09691;20
3.79588;26
4.49485;30
5.19382;34
5.89279;38
6.59176;44
7.29073;48
7.9897;52
8.68867;58
9.38764;62
10.0866;66
10.7856;72
