left;right
-0.5;0.5
-0.005;0.5
-0.005;0.2525
-0.005;0.12875
0.056875;0.12875
0.0878125;0.12875
0.10328125;0.12875
