log;cnt
1;5
1.52288;7
2.04576;10
2.56864;12
3.09151;15
3.61439;17
4.13727;20
4.66015;22
5.18303;25
5.70591;27
6.22879;30
6.75167;32
7.27454;35
7.79742;37
8.3203;40
8.84318;42
9.36606;45
9.88894;47
10.4118;50
10.9347;52
