log;cnt
1;5
1.69897;8
2.39794;12
3.09691;15
3.79588;18
4.49485;22
5.19382;25
5.89279;28
6.59176;32
7.29073;35
7.9897;38
8.68867;42
9.38764;45
10.0866;48
10.7856;52
