left;right
-0.5;0.5
-4e-05;0.5
-4e-05;0.25002
-4e-05;0.12503
0.062455;0.12503
0.0937025;0.12503
0.10932625;0.12503
0.10932625;0.117218125
0.10932625;0.1133121875
0.10932625;0.11135921875
0.10932625;0.110382734375
0.1098144921875;0.110382734375
0.1098144921875;0.11013861328125
0.1098144921875;0.110016552734375
