left;right
-0.5;0.5
-0.001;0.5
-0.001;0.2505
-0.001;0.12575
0.061375;0.12575
0.0925625;0.12575
0.10815625;0.12575
0.10815625;0.117953125
0.10815625;0.1140546875
