left;right
-0.5;0.5
-1.6e-06;0.5
-1.6e-06;0.2500008
-1.6e-06;0.1250012
0.0624982;0.1250012
0.0937481;0.1250012
0.10937305;0.1250012
0.10937305;0.117188725
0.10937305;0.1132824875
0.10937305;0.11132936875
0.10937305;0.110352809375
0.10937305;0.1098645296875
0.10961718984375;0.1098645296875
0.109739259765625;0.1098645296875
0.109800294726562;0.1098645296875
0.109830812207031;0.1098645296875
0.109846070947266;0.1098645296875
0.109853700317383;0.1098645296875
