left;right
-0.5;0.5
-0.0025;0.5
-0.0025;0.25125
-0.0025;0.126875
0.0596875;0.126875
0.09078125;0.126875
0.106328125;0.126875
0.106328125;0.1191015625
