left;right
-0.5;0.5
-0.118033988749895;0.5
-0.118033988749895;0.26393202250021
0.0278640450004206;0.26393202250021
0.0278640450004206;0.173762078750736
0.0835921350012618;0.173762078750736
0.0835921350012618;0.139320225002103
0.0835921350012618;0.118033988749895
0.0967477524976867;0.118033988749895
0.10487837125347;0.118033988749895
0.10487837125347;0.113008990009253
